CREATE TABLE `Outcome` (
  `id` bigint(20) NOT NULL AUTO_INCREMENT,
  `code` varchar(255) NOT NULL,
  `label` varchar(255) NOT NULL,
   PRIMARY KEY (`id`),
   UNIQUE (`code`)
)ENGINE=InnoDB DEFAULT CHARSET=utf8;

INSERT INTO `Outcome` (`id`, `code`, `label`) VALUES
(1, 'NA', 'Not Assessed'),
(2, 'OUTCOME_1', '1'),
(3, 'OUTCOME_2', '2'),
(4, 'OUTCOME_3', '3'),
(5, 'OUTCOME_4', '4'),
(6, 'OUTCOME_5', '5'),
(7, 'OUTCOME_6', '6'),
(8, 'OUTCOME_6R', '6R'),
(9, 'OUTCOME_7', '7'),
(10, 'OUTCOME_8', '8'),
(11, 'OUTCOME_9', '9');

TRUNCATE TABLE `Reason`;

INSERT INTO `Reason` (`id`, `code`, `label`) VALUES
(1, 'U1', 'U1 Record keeping and evidence'),
(2, 'U2', 'U2 Inadequate experience'),
(3, 'U3', 'U3 No engagement with supervisor'),
(4, 'U4', 'U4 Trainer absence'),
(5, 'U5', 'U5 Single exam failure'),
(6, 'U6', 'U6 Continual exam failure'),
(7, 'U7', 'U7 Trainee requires Deanery support'),
(8, 'U8', 'U8 Other reason (please specify)'),
(9, 'U9', 'U9 Inadequate attendance'),
(10, 'U10', 'U10 Assessment/Curriculum outcomes not achieved'),
(11, 'N1', 'N1 Trainee sick leave'),
(12, 'N2', 'N2 Trainee maternity/paternity leave'),
(13, 'N3', 'N3 Trainee not in post long enough'),
(14, 'N4', 'N4 Trainee fell outside annual reporting period'),
(15, 'N5', 'N5 Trainee post-CCT'),
(16, 'N6', 'N6 Trainee missed review'),
(17, 'N7', 'N7 Trainee inter-Deanery transfer'),
(18, 'N8', 'N8 Trainee reviewed in other Deanery'),
(19, 'N9', 'N9 Trainee contract termination'),
(20, 'N10', 'N10 Trainee gross misconduct'),
(21, 'N11', 'N11 Trainee suspension'),
(22, 'N13', 'N13 Other reason (please specify)'),
(23, 'N14', 'N14 LTFT achieving progress at the expected rate'),
(24, 'N15', 'N15 LTFT not achieving progress at the expected rate'),
(25, 'N16', 'N16 Dismissed'),
(26, 'N17', 'N17 Dismissed no remedial training'),
(27, 'N18', 'N18 Dismissed received remedial training'),
(28, 'N19', 'N19 Dismissed no GMC referral'),
(29, 'N20', 'N20 Dismissed - following GMC referral'),
(30, 'N21', 'N21 Resignation no remedial training undertaken'),
(31, 'N22', 'N22 Resignation received remedial training');


CREATE TABLE `OutcomeReasons` (
  `outcomeId` bigint(20) NOT NULL,
  `reasonId` bigint(20) NOT NULL,
  PRIMARY KEY (`outcomeId`,`reasonId`),
  KEY `fk_outome_reason_outcome_id` (`outcomeId`),
  KEY `fk_outome_reason_reason_id` (`reasonId`),
  CONSTRAINT `fk_outome_reason_outcome_id` FOREIGN KEY (`outcomeId`) REFERENCES `Outcome` (`id`),
  CONSTRAINT `fk_outome_reason_reason_id` FOREIGN KEY (`reasonId`) REFERENCES `Reason` (`id`)
)ENGINE=InnoDB DEFAULT CHARSET=utf8;


INSERT INTO OutcomeReasons (`outcomeId`, `reasonId`) VALUES
(3, 1),
(3, 2),
(3, 3),
(3, 4),
(3, 5),
(3, 6),
(3, 7),
(3, 8),
(3, 9),
(3, 10),
(4, 1),
(4, 2),
(4, 3),
(4, 4),
(4, 5),
(4, 6),
(4, 7),
(4, 8),
(4, 9),
(4, 10),
(5, 1),
(5, 2),
(5, 3),
(5, 4),
(5, 5),
(5, 6),
(5, 7),
(5, 8),
(5, 9),
(5, 10),
(1, 11),
(1, 12),
(1, 13),
(1, 14),
(1, 15),
(1, 16),
(1, 17),
(1, 18),
(1, 19),
(1, 20),
(1, 21),
(1, 22),
(1, 23),
(1, 24),
(1, 25),
(1, 26),
(1, 27),
(1, 28),
(1, 29),
(1, 30),
(1, 31);